krx_code,date,close,aum
266370,2024-07-01,22090,28717
266370,2024-07-02,21795,28334
266370,2024-07-03,21985,28581
266370,2024-07-04,22085,28711
266370,2024-07-05,22515,29270
266370,2024-07-08,22455,29192
266370,2024-07-09,22660,29458
266370,2024-07-10,22605,27126
266370,2024-07-11,22775,27330
266370,2024-07-12,22255,26706
266370,2024-07-15,22205,26646
266370,2024-07-16,22330,26796
266370,2024-07-17,21665,25998
266370,2024-07-18,21345,25614
266370,2024-07-19,21115,25338
266370,2024-07-22,20500,24600
266370,2024-07-23,20460,24552
266370,2024-07-24,20445,24534
266370,2024-07-25,19605,23526
266370,2024-07-26,19615,23538
266370,2024-07-29,19775,23730
266370,2024-07-30,19295,23154
266370,2024-07-31,19775,23730
266370,2024-08-01,19800,23760
266370,2024-08-02,18555,20411
266370,2024-08-05,16625,18288
266370,2024-08-06,17335,19069
266370,2024-08-07,17655,19421
266370,2024-08-08,17300,19030
266370,2024-08-09,17735,19509
266370,2024-08-12,18175,19993
266370,2024-08-13,18300,20130
266370,2024-08-14,18685,20554
266370,2024-08-16,19385,21324
266370,2024-08-19,18865,20752
266370,2024-08-20,19220,21142
266370,2024-08-21,19080,20988
266370,2024-08-22,19050,20955
266370,2024-08-23,18725,20598
266370,2024-08-26,18415,20257
266370,2024-08-27,18255,20081
266370,2024-08-28,18475,20323
266370,2024-08-29,18065,19872
266370,2024-08-30,18285,20114
266370,2024-09-02,18395,20235
266370,2024-09-03,18005,19806
266370,2024-09-04,17095,18805
266370,2024-09-05,17135,18849
266370,2024-09-06,16690,18359
266370,2024-09-09,16735,18409
266370,2024-09-10,16465,18112
266370,2024-09-11,16650,18315
266370,2024-09-12,17295,19025
266370,2024-09-13,17095,18805
266370,2024-09-19,16830,18513
266370,2024-09-20,17000,18700
266370,2024-09-23,17230,18953
266370,2024-09-24,17410,20892
266370,2024-09-25,17350,20820
266370,2024-09-26,18115,21738
266370,2024-09-27,18080,21696
266370,2024-09-30,17515,21018
266370,2024-10-02,17225,20670
266370,2024-10-04,17280,20736
266370,2024-10-07,17630,21156
266370,2024-10-08,17425,20910
266370,2024-10-10,17470,20964
266370,2024-10-11,17505,21006
266370,2024-10-14,17610,21132
266370,2024-10-15,17615,21138
266370,2024-10-16,17240,20688
266370,2024-10-17,17365,20838
266370,2024-10-18,16930,20316
266370,2024-10-21,17030,20436
266370,2024-10-22,16650,19980
266370,2024-10-23,17140,20568
266370,2024-10-24,16850,20220
266370,2024-10-25,16760,20112
266370,2024-10-28,17045,20454
266370,2024-10-29,17035,20442
266370,2024-10-30,16970,20364
266370,2024-10-31,16795,20154
266370,2024-11-01,16585,19902
266370,2024-11-04,16950,20340
266370,2024-11-05,16690,20028
266370,2024-11-06,16440,19728
266370,2024-11-07,16320,19584
266370,2024-11-08,16340,19608
266370,2024-11-11,15730,18876
266370,2024-11-12,15255,18306
266370,2024-11-13,14825,17790
266370,2024-11-14,14655,17586
266370,2024-11-15,14890,17868
266370,2024-11-18,14945,17934
266370,2024-11-19,14965,17958
266370,2024-11-20,14905,17886
266370,2024-11-21,14950,17940
266370,2024-11-22,15100,18120
266370,2024-11-25,15465,18558
266370,2024-11-26,15525,18630
266370,2024-11-27,15025,18030
266370,2024-11-28,14825,17790
266370,2024-11-29,14465,17358
266370,2024-12-02,14360,17232
266370,2024-12-03,14565,17478
266370,2024-12-04,14490,17388
266370,2024-12-05,14675,17610
266370,2024-12-06,14500,17400
266370,2024-12-09,14120,16944
266370,2024-12-10,14420,17304
266370,2024-12-11,14635,17562
266370,2024-12-12,15055,18066
266370,2024-12-13,15140,18168
266370,2024-12-16,15250,18300
266370,2024-12-17,15215,18258
266370,2024-12-18,15395,18474
266370,2024-12-19,14950,17940
266370,2024-12-20,14640,16104
266370,2024-12-23,14930,16423
266370,2024-12-24,14850,16335
266370,2024-12-26,14745,16220
266370,2024-12-27,14835,16319
266370,2024-12-30,14825,17790
266370,2025-01-02,14710,17652
266370,2025-01-03,15310,16841
266370,2025-01-06,15915,17507
266370,2025-01-07,15720,17292
266370,2025-01-08,16100,17710
266370,2025-01-09,16070,17677
266370,2025-01-10,15955,17551
266370,2025-01-13,15500,17050
266370,2025-01-14,15610,17171
266370,2025-01-15,15615,17177
266370,2025-01-16,15935,17529
266370,2025-01-17,16070,17677
266370,2025-01-20,16100,17710
266370,2025-01-21,16275,17903
266370,2025-01-22,16665,18332
266370,2025-01-23,16295,17925
266370,2025-01-24,16320,17952
266370,2025-01-31,15725,17298
266370,2025-02-03,15085,16594
266370,2025-02-04,15200,16720
266370,2025-02-05,15565,17122
266370,2025-02-06,15920,17512
266370,2025-02-07,15915,17507
266370,2025-02-10,16060,17666
266370,2025-02-11,16100,17710
266370,2025-02-12,16065,17672
266370,2025-02-13,16395,18035
266370,2025-02-14,16565,18222
266370,2025-02-17,16625,18288
266370,2025-02-18,16630,18293
266370,2025-02-19,17175,18893
266370,2025-02-20,16915,18607
266370,2025-02-21,16930,18623
266370,2025-02-24,16760,18436
266370,2025-02-25,16560,18216
266370,2025-02-26,16640,18304
266370,2025-02-27,16465,18112
266370,2025-02-28,15815,17397
266370,2025-03-04,15485,17034
266370,2025-03-05,15640,17204
266370,2025-03-06,15525,17078
266370,2025-03-07,15520,17072
266370,2025-03-10,15415,16957
266370,2025-03-11,15330,16863
266370,2025-03-12,15890,17479
266370,2025-03-13,15655,17221
266370,2025-03-14,15790,17369
266370,2025-03-17,16095,17705
266370,2025-03-18,15995,17595
266370,2025-03-19,16100,17710
266370,2025-03-20,16405,18046
266370,2025-03-21,16525,18178
266370,2025-03-24,16310,17941
266370,2025-03-25,16080,17688
266370,2025-03-26,16425,18068
266370,2025-03-27,16175,17793
266370,2025-03-28,15760,17336
266370,2025-03-31,15060,16566
266370,2025-04-01,15365,16902
266370,2025-04-02,15230,16753
266370,2025-04-03,14950,16445
266370,2025-04-04,14585,16044
266370,2025-04-07,13575,14933
266370,2025-04-08,13610,14971
266370,2025-04-09,13330,14663
266370,2025-04-10,14335,15769
266370,2025-04-11,14275,15703
266370,2025-04-14,14445,15890
266370,2025-04-15,14525,15978
266370,2025-04-16,14125,15538
305720,2024-07-01,18605,1224209
305720,2024-07-02,18170,1188318
305720,2024-07-03,18710,1225505
305720,2024-07-04,18780,1230090
305720,2024-07-05,18730,1223069
305720,2024-07-08,18875,1224988
305720,2024-07-09,18825,1227390
305720,2024-07-10,18525,1205978
305720,2024-07-11,18755,1219075
305720,2024-07-12,18725,1218998
305720,2024-07-15,18460,1205438
305720,2024-07-16,17845,1170632
305720,2024-07-17,17585,1151818
305720,2024-07-18,17555,1155119
305720,2024-07-19,17875,1192263
305720,2024-07-22,17070,1133448
305720,2024-07-23,16775,1118893
305720,2024-07-24,16580,1102570
305720,2024-07-25,16730,1130948
305720,2024-07-26,16475,1105473
305720,2024-07-29,16650,1120545
305720,2024-07-30,16675,1115558
305720,2024-07-31,16405,1097495
305720,2024-08-01,16855,1129285
305720,2024-08-02,16600,1112200
305720,2024-08-05,14880,999936
305720,2024-08-06,15835,1087865
305720,2024-08-07,15590,1049207
305720,2024-08-08,14990,1005829
305720,2024-08-09,15560,1045632
305720,2024-08-12,15785,1062331
305720,2024-08-13,15805,1066838
305720,2024-08-14,16130,1080710
305720,2024-08-16,16085,1077695
305720,2024-08-19,15560,1044076
305720,2024-08-20,15625,1048438
305720,2024-08-21,16025,1073675
305720,2024-08-22,16505,1105835
305720,2024-08-23,16265,1093008
305720,2024-08-26,16420,1105066
305720,2024-08-27,16505,1109136
305720,2024-08-28,16130,1083936
305720,2024-08-29,16600,1115520
305720,2024-08-30,16675,1123895
305720,2024-09-02,17570,1185975
305720,2024-09-03,17445,1177538
305720,2024-09-04,16960,1144800
305720,2024-09-05,16850,1122210
305720,2024-09-06,16025,1072073
305720,2024-09-09,15895,1063376
305720,2024-09-10,15535,1042399
305720,2024-09-11,16200,1083780
305720,2024-09-12,16745,1125264
305720,2024-09-13,16800,1128960
305720,2024-09-19,16750,1127275
305720,2024-09-20,16770,1130298
305720,2024-09-23,17180,1154496
305720,2024-09-24,17990,1208928
305720,2024-09-25,17895,1202544
305720,2024-09-26,18360,1237464
305720,2024-09-27,18405,1247859
305720,2024-09-30,18215,1218584
305720,2024-10-02,18195,1215426
305720,2024-10-04,17805,1184033
305720,2024-10-07,18325,1216780
305720,2024-10-08,18500,1230250
305720,2024-10-10,18310,1221277
305720,2024-10-11,17940,1196598
305720,2024-10-14,17665,1181789
305720,2024-10-15,17125,1150800
305720,2024-10-16,16895,1137034
305720,2024-10-17,16690,1133251
305720,2024-10-18,16520,1129968
305720,2024-10-21,16640,1148160
305720,2024-10-22,15980,1105816
305720,2024-10-23,16520,1151444
305720,2024-10-24,16370,1137715
305720,2024-10-25,16275,1140878
305720,2024-10-28,17115,1198050
305720,2024-10-29,16955,1186850
305720,2024-10-30,16675,1167250
305720,2024-10-31,16540,1157800
305720,2024-11-01,16580,1160600
305720,2024-11-04,17090,1198009
305720,2024-11-05,16820,1182446
305720,2024-11-06,15765,1105127
305720,2024-11-07,15410,1080241
305720,2024-11-08,15465,1084097
305720,2024-11-11,15125,1066313
305720,2024-11-12,15005,1062354
305720,2024-11-13,14315,994893
305720,2024-11-14,14185,987276
305720,2024-11-15,13205,923030
305720,2024-11-18,13635,957177
305720,2024-11-19,13775,962873
305720,2024-11-20,13920,977184
305720,2024-11-21,14215,993629
305720,2024-11-22,14335,1003450
305720,2024-11-25,14750,1033975
305720,2024-11-26,14660,1033530
305720,2024-11-27,14275,1003533
305720,2024-11-28,14500,1028050
305720,2024-11-29,13750,981750
305720,2024-12-02,13825,984340
305720,2024-12-03,13860,977130
305720,2024-12-04,13620,961572
305720,2024-12-05,13225,927073
305720,2024-12-06,13300,937650
305720,2024-12-09,12695,896267
305720,2024-12-10,13325,939413
305720,2024-12-11,13350,939840
305720,2024-12-12,13635,954450
305720,2024-12-13,13565,945481
305720,2024-12-16,13550,945790
305720,2024-12-17,12920,908276
305720,2024-12-18,13120,923648
305720,2024-12-19,12825,901598
305720,2024-12-20,12545,881914
305720,2024-12-23,12650,896885
305720,2024-12-24,12485,883938
305720,2024-12-26,12215,944220
305720,2024-12-27,12125,933625
305720,2024-12-30,12205,949549
305720,2025-01-02,11950,929710
305720,2025-01-03,12510,968274
305720,2025-01-06,12790,988667
305720,2025-01-07,12840,993816
305720,2025-01-08,13050,1008765
305720,2025-01-09,13055,1009152
305720,2025-01-10,12800,985600
305720,2025-01-13,12610,969709
305720,2025-01-14,13030,1003310
305720,2025-01-15,12880,995624
305720,2025-01-16,13015,1007361
305720,2025-01-17,13025,1008135
305720,2025-01-20,13490,1002307
305720,2025-01-21,12840,956580
305720,2025-01-22,13040,971480
305720,2025-01-23,12830,955835
305720,2025-01-24,12780,957222
305720,2025-01-31,12725,925108
305720,2025-02-03,11955,875106
305720,2025-02-04,11845,865870
305720,2025-02-05,12165,889262
305720,2025-02-06,12110,892507
305720,2025-02-07,11950,884300
305720,2025-02-10,12080,886672
305720,2025-02-11,11980,880530
305720,2025-02-12,11895,874283
305720,2025-02-13,12475,914418
305720,2025-02-14,12300,901590
305720,2025-02-17,12655,932674
305720,2025-02-18,12585,918705
305720,2025-02-19,13130,961116
305720,2025-02-20,13295,970535
305720,2025-02-21,13600,994160
305720,2025-02-24,13915,1013012
305720,2025-02-25,13435,983442
305720,2025-02-26,13670,1002011
305720,2025-02-27,13540,999252
305720,2025-02-28,12800,956160
305720,2025-03-04,12230,916027
305720,2025-03-05,12430,932250
305720,2025-03-06,12485,950109
305720,2025-03-07,12880,994336
305720,2025-03-10,13100,1011320
305720,2025-03-11,12755,983411
305720,2025-03-12,13065,1002086
305720,2025-03-13,12790,982272
305720,2025-03-14,12495,959616
305720,2025-03-17,12385,951168
305720,2025-03-18,12380,950784
305720,2025-03-19,12550,971370
305720,2025-03-20,12835,990862
305720,2025-03-21,12730,982756
305720,2025-03-24,12580,977466
305720,2025-03-25,12455,976472
305720,2025-03-26,12710,996464
305720,2025-03-27,12435,981122
305720,2025-03-28,12090,957528
305720,2025-03-31,11295,892305
305720,2025-04-01,11315,897280
305720,2025-04-02,10910,867345
305720,2025-04-03,10740,868866
305720,2025-04-04,11170,898068
305720,2025-04-07,10490,853886
305720,2025-04-08,10430,845873
305720,2025-04-09,10200,824160
305720,2025-04-10,11005,887003
305720,2025-04-11,10880,881280
305720,2025-04-14,10985,890884
305720,2025-04-15,11015,890012
305720,2025-04-16,10690,864821
363580,2024-07-01,14315,104500
363580,2024-07-02,14110,103003
363580,2024-07-03,14270,104171
363580,2024-07-04,14345,104719
363580,2024-07-05,14760,107748
363580,2024-07-08,14675,107128
363580,2024-07-09,14770,107821
363580,2024-07-10,14745,107639
363580,2024-07-11,14875,108588
363580,2024-07-12,14550,106215
363580,2024-07-15,14605,106617
363580,2024-07-16,14670,107091
363580,2024-07-17,14345,104719
363580,2024-07-18,14030,102419
363580,2024-07-19,13980,102054
363580,2024-07-22,13595,99244
363580,2024-07-23,13625,99463
363580,2024-07-24,13515,98660
363580,2024-07-25,13100,95630
363580,2024-07-26,13105,99598
363580,2024-07-29,13150,99940
363580,2024-07-30,12920,98192
363580,2024-07-31,13185,98888
363580,2024-08-01,13180,98850
363580,2024-08-02,12475,93563
363580,2024-08-05,11275,84563
363580,2024-08-06,11645,87338
363580,2024-08-07,11945,89588
363580,2024-08-08,11650,87375
363580,2024-08-09,11895,89213
363580,2024-08-12,12145,91088
363580,2024-08-13,12205,91538
363580,2024-08-14,12430,93225
363580,2024-08-16,12820,96150
363580,2024-08-19,12595,94463
363580,2024-08-20,12730,95475
363580,2024-08-21,12650,94875
363580,2024-08-22,12675,95063
363580,2024-08-23,12525,61373
363580,2024-08-26,12395,60736
363580,2024-08-27,12325,60393
363580,2024-08-28,12410,60809
363580,2024-08-29,12210,59829
363580,2024-08-30,12360,60564
363580,2024-09-02,12475,61128
363580,2024-09-03,12370,60613
363580,2024-09-04,11825,57943
363580,2024-09-05,11910,58359
363580,2024-09-06,11595,38264
363580,2024-09-09,11625,38363
363580,2024-09-10,11420,37686
363580,2024-09-11,11565,38165
363580,2024-09-12,11945,39419
363580,2024-09-13,11820,39006
363580,2024-09-19,11665,38495
363580,2024-09-20,11835,40239
363580,2024-09-23,11950,40630
363580,2024-09-24,12125,41225
363580,2024-09-25,11920,40528
363580,2024-09-26,12470,42398
363580,2024-09-27,12430,42262
363580,2024-09-30,12050,40970
363580,2024-10-02,11805,44859
363580,2024-10-04,11825,44935
363580,2024-10-07,12090,45942
363580,2024-10-08,11860,45068
363580,2024-10-10,11925,45315
363580,2024-10-11,11975,45505
363580,2024-10-14,12045,45771
363580,2024-10-15,12020,45676
363580,2024-10-16,11785,44783
363580,2024-10-17,11935,45353
363580,2024-10-18,11680,44384
363580,2024-10-21,11720,44536
363580,2024-10-22,11500,43700
363580,2024-10-23,11830,44954
363580,2024-10-24,11620,44156
363580,2024-10-25,11550,43890
363580,2024-10-28,11755,44669
363580,2024-10-29,11645,44251
363580,2024-10-30,11665,44327
363580,2024-10-31,11385,43263
363580,2024-11-01,11280,42864
363580,2024-11-04,11615,44137
363580,2024-11-05,11425,43415
363580,2024-11-06,11325,43035
363580,2024-11-07,11315,42997
363580,2024-11-08,11315,42997
363580,2024-11-11,10970,51559
363580,2024-11-12,10655,50079
363580,2024-11-13,10380,48786
363580,2024-11-14,10190,47893
363580,2024-11-15,10295,48387
363580,2024-11-18,10415,48951
363580,2024-11-19,10420,48974
363580,2024-11-20,10435,40697
363580,2024-11-21,10480,39824
363580,2024-11-22,10690,39553
363580,2024-11-25,10865,39114
363580,2024-11-26,10855,39078
363580,2024-11-27,10470,37692
363580,2024-11-28,10340,37224
363580,2024-11-29,10030,36108
363580,2024-12-02,10040,36144
363580,2024-12-03,10170,36612
363580,2024-12-04,10070,36252
363580,2024-12-05,10155,36558
363580,2024-12-06,10065,36234
363580,2024-12-09,9885,35586
363580,2024-12-10,10110,36396
363580,2024-12-11,10235,36846
363580,2024-12-12,10495,37782
363580,2024-12-13,10595,38142
363580,2024-12-16,10645,38322
363580,2024-12-17,10495,37782
363580,2024-12-18,10695,38502
363580,2024-12-19,10370,37332
363580,2024-12-20,10105,36378
363580,2024-12-23,10335,37206
363580,2024-12-24,10290,37044
363580,2024-12-26,10200,36720
363580,2024-12-27,10245,36882
363580,2024-12-30,10210,36756
363580,2025-01-02,10105,36378
363580,2025-01-03,10470,36645
363580,2025-01-06,10920,38220
363580,2025-01-07,10845,37958
363580,2025-01-08,11055,37587
363580,2025-01-09,11015,36350
363580,2025-01-10,10955,36152
363580,2025-01-13,10625,35063
363580,2025-01-14,10655,35162
363580,2025-01-15,10625,35063
363580,2025-01-16,10865,35855
363580,2025-01-17,10955,36152
363580,2025-01-20,10975,36218
363580,2025-01-21,11000,36300
363580,2025-01-22,11310,36192
363580,2025-01-23,11065,35408
363580,2025-01-24,11015,35248
363580,2025-01-31,10645,34064
363580,2025-02-03,10180,32576
363580,2025-02-04,10285,32912
363580,2025-02-05,10510,33632
363580,2025-02-06,10715,34288
363580,2025-02-07,10615,33968
363580,2025-02-10,10610,33952
363580,2025-02-11,10645,34064
363580,2025-02-12,10650,34080
363580,2025-02-13,10795,34544
363580,2025-02-14,10920,34944
363580,2025-02-17,11000,35200
363580,2025-02-18,10940,35008
363580,2025-02-19,11345,36304
363580,2025-02-20,11175,35760
363580,2025-02-21,11185,35792
363580,2025-02-24,11170,35744
363580,2025-02-25,10945,35024
363580,2025-02-26,10970,35104
363580,2025-02-27,10940,33914
363580,2025-02-28,10440,32364
363580,2025-03-04,10295,31915
363580,2025-03-05,10415,32287
363580,2025-03-06,10365,32132
363580,2025-03-07,10385,32194
363580,2025-03-10,10315,31977
363580,2025-03-11,10320,31992
363580,2025-03-12,10575,32783
363580,2025-03-13,10430,32333
363580,2025-03-14,10535,32659
363580,2025-03-17,10660,33046
363580,2025-03-18,10625,32938
363580,2025-03-19,10770,34464
363580,2025-03-20,10990,35168
363580,2025-03-21,11085,35472
363580,2025-03-24,10985,35152
363580,2025-03-25,10925,34960
363580,2025-03-26,11155,35696
363580,2025-03-27,10910,34912
363580,2025-03-28,10645,34064
363580,2025-03-31,10235,31729
363580,2025-04-01,10395,32225
363580,2025-04-02,10310,31961
363580,2025-04-03,10030,31093
363580,2025-04-04,9835,30489
363580,2025-04-07,9190,28489
363580,2025-04-08,9200,28520
363580,2025-04-09,8975,28720
363580,2025-04-10,9710,31072
363580,2025-04-11,9625,30800
363580,2025-04-14,9715,31088
363580,2025-04-15,9750,31200
363580,2025-04-16,9500,30400
385510,2024-07-01,18695,52346
385510,2024-07-02,18395,50586
385510,2024-07-03,18495,50861
385510,2024-07-04,18630,51233
385510,2024-07-05,18635,51246
385510,2024-07-08,18865,53765
385510,2024-07-09,18970,52168
385510,2024-07-10,18970,52168
385510,2024-07-11,19060,52415
385510,2024-07-12,18990,52223
385510,2024-07-15,18965,52154
385510,2024-07-16,18670,51343
385510,2024-07-17,18530,50958
385510,2024-07-18,18210,50078
385510,2024-07-19,18400,50600
385510,2024-07-22,17920,49280
385510,2024-07-23,18145,49899
385510,2024-07-24,18080,49720
385510,2024-07-25,17710,48703
385510,2024-07-26,17570,46561
385510,2024-07-29,17730,46985
385510,2024-07-30,17455,46256
385510,2024-07-31,17440,46216
385510,2024-08-01,17890,47409
385510,2024-08-02,17195,45567
385510,2024-08-05,15560,41234
385510,2024-08-06,16290,43169
385510,2024-08-07,16530,43805
385510,2024-08-08,16535,43818
385510,2024-08-09,16815,44560
385510,2024-08-12,17130,45395
385510,2024-08-13,16960,44944
385510,2024-08-14,17325,45911
385510,2024-08-16,17525,46441
385510,2024-08-19,17185,45540
385510,2024-08-20,17310,45872
385510,2024-08-21,17420,46163
385510,2024-08-22,17530,46455
385510,2024-08-23,17385,46070
385510,2024-08-26,17510,46402
385510,2024-08-27,17595,46627
385510,2024-08-28,17470,46296
385510,2024-08-29,17450,46243
385510,2024-08-30,17495,46362
385510,2024-09-02,17455,46256
385510,2024-09-03,17400,46110
385510,2024-09-04,16790,44494
385510,2024-09-05,16560,43884
385510,2024-09-06,16195,42917
385510,2024-09-09,16130,42745
385510,2024-09-10,16145,42784
385510,2024-09-11,16655,44136
385510,2024-09-12,17130,45395
385510,2024-09-13,17350,45978
385510,2024-09-19,17790,47144
385510,2024-09-20,17830,47250
385510,2024-09-23,17990,47674
385510,2024-09-24,18505,49038
385510,2024-09-25,18310,48522
385510,2024-09-26,18690,49529
385510,2024-09-27,18595,49277
385510,2024-09-30,18385,48720
385510,2024-10-02,18115,48005
385510,2024-10-04,18050,47833
385510,2024-10-07,18475,48959
385510,2024-10-08,18385,48720
385510,2024-10-10,18210,48257
385510,2024-10-11,17900,47435
385510,2024-10-14,18050,47833
385510,2024-10-15,17945,47554
385510,2024-10-16,17535,46468
385510,2024-10-17,17490,46349
385510,2024-10-18,17305,45858
385510,2024-10-21,17430,46190
385510,2024-10-22,17025,45116
385510,2024-10-23,17150,45448
385510,2024-10-24,17380,46057
385510,2024-10-25,17310,45872
385510,2024-10-28,17770,47091
385510,2024-10-29,17930,47515
385510,2024-10-30,17300,45845
385510,2024-10-31,17190,45554
385510,2024-11-01,17220,45633
385510,2024-11-04,17660,47682
385510,2024-11-05,17580,47466
385510,2024-11-06,17150,45448
385510,2024-11-07,17075,45249
385510,2024-11-08,17150,45448
385510,2024-11-11,17240,45686
385510,2024-11-12,16850,43810
385510,2024-11-13,16005,41613
385510,2024-11-14,16380,42588
385510,2024-11-15,15610,39806
385510,2024-11-18,15850,39625
385510,2024-11-19,16270,40675
385510,2024-11-20,16080,40200
385510,2024-11-21,15925,39813
385510,2024-11-22,16065,40163
385510,2024-11-25,16525,41313
385510,2024-11-26,16430,41075
385510,2024-11-27,16225,40563
385510,2024-11-28,16295,40738
385510,2024-11-29,15890,39725
385510,2024-12-02,15830,39575
385510,2024-12-03,16285,40713
385510,2024-12-04,16090,40225
385510,2024-12-05,15930,39825
385510,2024-12-06,15695,39238
385510,2024-12-09,15045,37613
385510,2024-12-10,15685,39213
385510,2024-12-11,15915,39788
385510,2024-12-12,16185,40463
385510,2024-12-13,16150,40375
385510,2024-12-16,16320,40800
385510,2024-12-17,16170,40425
385510,2024-12-18,16080,40200
385510,2024-12-19,15855,39638
385510,2024-12-20,15740,39350
385510,2024-12-23,16130,39519
385510,2024-12-24,16020,39249
385510,2024-12-26,15970,39127
385510,2024-12-27,15680,37632
385510,2024-12-30,15810,37944
385510,2025-01-02,16055,38532
385510,2025-01-03,16400,39360
385510,2025-01-06,16605,39852
385510,2025-01-07,16595,39828
385510,2025-01-08,16525,39660
385510,2025-01-09,16870,40488
385510,2025-01-10,16865,40476
385510,2025-01-13,16760,40224
385510,2025-01-14,17010,40824
385510,2025-01-15,17100,41040
385510,2025-01-16,17455,41892
385510,2025-01-17,17815,42756
385510,2025-01-20,17635,42324
385510,2025-01-21,17300,41520
385510,2025-01-22,17775,42660
385510,2025-01-23,17595,42228
385510,2025-01-24,18245,43788
385510,2025-01-31,17620,42288
385510,2025-02-03,17095,40173
385510,2025-02-04,17200,40420
385510,2025-02-05,17190,40397
385510,2025-02-06,17405,41772
385510,2025-02-07,17045,41760
385510,2025-02-10,16810,41185
385510,2025-02-11,16995,41638
385510,2025-02-12,17460,42777
385510,2025-02-13,17995,44088
385510,2025-02-14,17765,43524
385510,2025-02-17,17900,43855
385510,2025-02-18,18535,45411
385510,2025-02-19,18560,45472
385510,2025-02-20,18170,44517
385510,2025-02-21,18285,44798
385510,2025-02-24,18015,44137
385510,2025-02-25,17715,43402
385510,2025-02-26,17960,44002
385510,2025-02-27,17960,44002
385510,2025-02-28,17210,42165
385510,2025-03-04,17185,42103
385510,2025-03-05,17645,43230
385510,2025-03-06,17125,41100
385510,2025-03-07,17105,41052
385510,2025-03-10,16970,40728
385510,2025-03-11,16620,39888
385510,2025-03-12,16730,40152
385510,2025-03-13,16815,40356
385510,2025-03-14,17095,41028
385510,2025-03-17,17135,41124
385510,2025-03-18,17205,41292
385510,2025-03-19,17065,40956
385510,2025-03-20,16995,40788
385510,2025-03-21,16700,40080
385510,2025-03-24,16550,39720
385510,2025-03-25,16450,39480
385510,2025-03-26,16335,39204
385510,2025-03-27,15850,38040
385510,2025-03-28,15465,37116
385510,2025-03-31,15000,36000
385510,2025-04-01,15335,36804
385510,2025-04-02,15185,36444
385510,2025-04-03,15125,36300
385510,2025-04-04,15350,37608
385510,2025-04-07,14060,34447
385510,2025-04-08,14110,34570
385510,2025-04-09,13895,34043
385510,2025-04-10,15165,37154
385510,2025-04-11,15460,37877
385510,2025-04-14,15680,38416
385510,2025-04-15,16065,39359
385510,2025-04-16,15600,38220
455860,2024-07-01,6355,183977
455860,2024-07-02,6235,181127
455860,2024-07-03,6425,186968
455860,2024-07-04,6440,187082
455860,2024-07-05,6425,186646
455860,2024-07-08,6525,189225
455860,2024-07-09,6470,187954
455860,2024-07-10,6385,185165
455860,2024-07-11,6480,187596
455860,2024-07-12,6500,187850
455860,2024-07-15,6410,184929
455860,2024-07-16,6150,177735
455860,2024-07-17,6030,174267
455860,2024-07-18,6035,176222
455860,2024-07-19,6165,180018
455860,2024-07-22,5900,173165
455860,2024-07-23,5765,169491
455860,2024-07-24,5700,165870
455860,2024-07-25,5755,167758
455860,2024-07-26,5645,165116
455860,2024-07-29,5730,167603
455860,2024-07-30,5750,168763
455860,2024-07-31,5645,165963
455860,2024-08-01,5800,170810
455860,2024-08-02,5685,167139
455860,2024-08-05,5020,148090
455860,2024-08-06,5390,158466
455860,2024-08-07,5275,155876
455860,2024-08-08,5050,149480
455860,2024-08-09,5290,156849
455860,2024-08-12,5305,156232
455860,2024-08-13,5305,155967
455860,2024-08-14,5425,159495
455860,2024-08-16,5385,158050
455860,2024-08-19,5190,152327
455860,2024-08-20,5220,153207
455860,2024-08-21,5320,156142
455860,2024-08-22,5530,162582
455860,2024-08-23,5425,160038
455860,2024-08-26,5445,160355
455860,2024-08-27,5450,160503
455860,2024-08-28,5310,156645
455860,2024-08-29,5450,160230
455860,2024-08-30,5455,160650
455860,2024-09-02,5790,170805
455860,2024-09-03,5715,168021
455860,2024-09-04,5540,163153
455860,2024-09-05,5460,159159
455860,2024-09-06,5190,151548
455860,2024-09-09,5105,149321
455860,2024-09-10,5015,146940
455860,2024-09-11,5240,153794
455860,2024-09-12,5410,158784
455860,2024-09-13,5450,160230
455860,2024-09-19,5455,160377
455860,2024-09-20,5460,160524
455860,2024-09-23,5635,165669
455860,2024-09-24,5935,174489
455860,2024-09-25,5900,173460
455860,2024-09-26,6115,180087
455860,2024-09-27,6140,180823
455860,2024-09-30,6075,178301
455860,2024-10-02,6080,179056
455860,2024-10-04,5935,174489
455860,2024-10-07,6160,181412
455860,2024-10-08,6190,182605
455860,2024-10-10,6075,179516
455860,2024-10-11,5965,175371
455860,2024-10-14,5860,172577
455860,2024-10-15,5695,168003
455860,2024-10-16,5640,166380
455860,2024-10-17,5565,164724
455860,2024-10-18,5495,162927
455860,2024-10-21,5525,163540
455860,2024-10-22,5275,156140
455860,2024-10-23,5460,161616
455860,2024-10-24,5415,160284
455860,2024-10-25,5365,159341
455860,2024-10-28,5700,169005
455860,2024-10-29,5590,166023
455860,2024-10-30,5485,163453
455860,2024-10-31,5475,163429
455860,2024-11-01,5470,163553
455860,2024-11-04,5670,169817
455860,2024-11-05,5610,167739
455860,2024-11-06,5270,157573
455860,2024-11-07,5180,154623
455860,2024-11-08,5185,154772
455860,2024-11-11,5060,151800
455860,2024-11-12,5040,150948
455860,2024-11-13,4780,142922
455860,2024-11-14,4680,140166
455860,2024-11-15,4375,131469
455860,2024-11-18,4510,135526
455860,2024-11-19,4505,135601
455860,2024-11-20,4570,137786
455860,2024-11-21,4670,140567
455860,2024-11-22,4725,142459
455860,2024-11-25,4875,146494
455860,2024-11-26,4840,145684
455860,2024-11-27,4725,142223
455860,2024-11-28,4800,144480
455860,2024-11-29,4540,136427
455860,2024-12-02,4520,135600
455860,2024-12-03,4510,135300
455860,2024-12-04,4395,132070
455860,2024-12-05,4250,127713
455860,2024-12-06,4290,129129
455860,2024-12-09,4085,123163
455860,2024-12-10,4300,129860
455860,2024-12-11,4315,130529
455860,2024-12-12,4415,133333
455860,2024-12-13,4355,131303
455860,2024-12-16,4330,130117
455860,2024-12-17,4130,124520
455860,2024-12-18,4185,126596
455860,2024-12-19,4105,123561
455860,2024-12-20,3985,119152
455860,2024-12-23,4020,119796
455860,2024-12-24,3985,118753
455860,2024-12-26,3860,115221
455860,2024-12-27,3805,113770
455860,2024-12-30,3830,115666
455860,2025-01-02,3715,112193
455860,2025-01-03,3940,118594
455860,2025-01-06,4030,121505
455860,2025-01-07,4020,121404
455860,2025-01-08,4100,123820
455860,2025-01-09,4110,124328
455860,2025-01-10,4015,121454
455860,2025-01-13,3935,119821
455860,2025-01-14,4110,124944
455860,2025-01-15,4070,124339
455860,2025-01-16,4125,125813
455860,2025-01-17,4090,124950
455860,2025-01-20,4270,130449
455860,2025-01-21,4005,122553
455860,2025-01-22,4080,124848
455860,2025-01-23,4020,123012
455860,2025-01-24,4010,124110
455860,2025-01-31,3985,123535
455860,2025-02-03,3720,114390
455860,2025-02-04,3685,113130
455860,2025-02-05,3780,116235
455860,2025-02-06,3775,116648
455860,2025-02-07,3735,117279
455860,2025-02-10,3745,117780
455860,2025-02-11,3730,117309
455860,2025-02-12,3720,116622
455860,2025-02-13,3930,122616
455860,2025-02-14,3880,120668
455860,2025-02-17,4010,125313
455860,2025-02-18,3985,122738
455860,2025-02-19,4185,129317
455860,2025-02-20,4220,130609
455860,2025-02-21,4360,135596
455860,2025-02-24,4455,138328
455860,2025-02-25,4275,133166
455860,2025-02-26,4410,137592
455860,2025-02-27,4350,135720
455860,2025-02-28,4055,127124
455860,2025-03-04,3885,121406
455860,2025-03-05,3920,122696
455860,2025-03-06,4000,127200
455860,2025-03-07,4155,131921
455860,2025-03-10,4195,132982
455860,2025-03-11,4065,128251
455860,2025-03-12,4170,132189
455860,2025-03-13,4090,129244
455860,2025-03-14,4020,127233
455860,2025-03-17,4005,127159
455860,2025-03-18,4030,128356
455860,2025-03-19,4105,131155
455860,2025-03-20,4220,134829
455860,2025-03-21,4160,133120
455860,2025-03-24,4080,130560
455860,2025-03-25,4045,129440
455860,2025-03-26,4120,132046
455860,2025-03-27,4010,128721
455860,2025-03-28,3885,124320
455860,2025-03-31,3630,116523
455860,2025-04-01,3605,115721
455860,2025-04-02,3480,112056
455860,2025-04-03,3420,110466
455860,2025-04-04,3590,116137
455860,2025-04-07,3345,107876
455860,2025-04-08,3340,107715
455860,2025-04-09,3285,105941
455860,2025-04-10,3570,114954
455860,2025-04-11,3505,113036
455860,2025-04-14,3550,114488
455860,2025-04-15,3525,113505
455860,2025-04-16,3425,109771
486240,2024-07-01,10205,29595
486240,2024-07-02,10195,29566
486240,2024-07-03,10130,30390
486240,2024-07-04,10315,30945
486240,2024-07-05,10390,31170
486240,2024-07-08,10370,31110
486240,2024-07-09,10485,33552
486240,2024-07-10,10550,33760
486240,2024-07-11,10475,33520
486240,2024-07-12,10190,32608
486240,2024-07-15,10340,33088
486240,2024-07-16,10400,33280
486240,2024-07-17,10050,32160
486240,2024-07-18,9815,31408
486240,2024-07-19,9810,40221
486240,2024-07-22,9515,39012
486240,2024-07-23,9820,51064
486240,2024-07-24,9840,51168
486240,2024-07-25,9295,51123
486240,2024-07-26,9245,51772
486240,2024-07-29,9310,53067
486240,2024-07-30,9035,51500
486240,2024-07-31,9340,53238
486240,2024-08-01,9415,53666
486240,2024-08-02,8660,49362
486240,2024-08-05,7700,43890
486240,2024-08-06,8075,46028
486240,2024-08-07,8335,52511
486240,2024-08-08,8185,82669
486240,2024-08-09,8405,53792
486240,2024-08-12,8505,54432
486240,2024-08-13,8460,54144
486240,2024-08-14,8675,55520
486240,2024-08-16,9080,58112
486240,2024-08-19,8820,56448
486240,2024-08-20,9040,55144
486240,2024-08-21,8975,54748
486240,2024-08-22,8845,53070
486240,2024-08-23,8775,52650
486240,2024-08-26,8580,51480
486240,2024-08-27,8525,51150
486240,2024-08-28,8715,52290
486240,2024-08-29,8280,48024
486240,2024-08-30,8375,48575
486240,2024-09-02,8245,47821
486240,2024-09-03,8030,46574
486240,2024-09-04,7560,41580
486240,2024-09-05,7440,40920
486240,2024-09-06,7250,39875
486240,2024-09-09,7350,40425
486240,2024-09-10,7295,40123
486240,2024-09-11,7365,40508
486240,2024-09-12,7680,42240
486240,2024-09-13,7600,41800
486240,2024-09-19,7595,41773
486240,2024-09-20,7535,41443
486240,2024-09-23,7775,42763
486240,2024-09-24,7880,42552
486240,2024-09-25,7830,42282
486240,2024-09-26,8275,44685
486240,2024-09-27,8140,43956
486240,2024-09-30,8010,43254
486240,2024-10-02,7865,42471
486240,2024-10-04,7950,42930
486240,2024-10-07,8180,44172
486240,2024-10-08,7990,43146
486240,2024-10-10,7965,43011
486240,2024-10-11,7945,42903
486240,2024-10-14,8100,43740
486240,2024-10-15,8120,43848
486240,2024-10-16,7870,42498
486240,2024-10-17,7950,42930
486240,2024-10-18,7735,41769
486240,2024-10-21,7815,42201
486240,2024-10-22,7710,41634
486240,2024-10-23,7890,42606
486240,2024-10-24,7775,41985
486240,2024-10-25,7760,41904
486240,2024-10-28,7800,42120
486240,2024-10-29,7840,42336
486240,2024-10-30,7915,42741
486240,2024-10-31,7895,38686
486240,2024-11-01,7780,34232
486240,2024-11-04,8015,35266
486240,2024-11-05,7985,26351
486240,2024-11-06,7950,26235
486240,2024-11-07,7985,19963
486240,2024-11-08,8065,20163
486240,2024-11-11,7875,17325
486240,2024-11-12,7600,16720
486240,2024-11-13,7380,16236
486240,2024-11-14,7360,16192
486240,2024-11-15,7450,16390
486240,2024-11-18,7360,16192
486240,2024-11-19,7435,16357
486240,2024-11-20,7385,16247
486240,2024-11-21,7355,16181
486240,2024-11-22,7435,16357
486240,2024-11-25,7645,16819
486240,2024-11-26,7585,16687
486240,2024-11-27,7440,16368
486240,2024-11-28,7300,16060
486240,2024-11-29,7175,15785
486240,2024-12-02,7015,15433
486240,2024-12-03,7225,15895
486240,2024-12-04,7175,15785
486240,2024-12-05,7330,16126
486240,2024-12-06,7170,15774
486240,2024-12-09,7060,15532
486240,2024-12-10,7210,15862
486240,2024-12-11,7380,16236
486240,2024-12-12,7595,16709
486240,2024-12-13,7655,16841
486240,2024-12-16,7675,16885
486240,2024-12-17,7750,17050
486240,2024-12-18,7715,16973
486240,2024-12-19,7545,16599
486240,2024-12-20,7355,16181
486240,2024-12-23,7640,16808
486240,2024-12-24,7600,16720
486240,2024-12-26,7590,16698
486240,2024-12-27,7565,16643
486240,2024-12-30,7605,16731
486240,2025-01-02,7755,17061
486240,2025-01-03,7950,17490
486240,2025-01-06,8160,17952
486240,2025-01-07,8155,17941
486240,2025-01-08,8355,18381
486240,2025-01-09,8405,18491
486240,2025-01-10,8360,16720
486240,2025-01-13,8155,16310
486240,2025-01-14,8245,16490
486240,2025-01-15,8315,16630
486240,2025-01-16,8540,17080
486240,2025-01-17,8680,17360
486240,2025-01-20,8520,17040
486240,2025-01-21,8600,24940
486240,2025-01-22,8895,25796
486240,2025-01-23,8785,25477
486240,2025-01-24,8955,25970
486240,2025-01-31,8505,24665
486240,2025-02-03,8125,23563
486240,2025-02-04,8225,23853
486240,2025-02-05,8305,24085
486240,2025-02-06,8520,24708
486240,2025-02-07,8525,25575
486240,2025-02-10,8545,25635
486240,2025-02-11,8550,24795
486240,2025-02-12,8635,25042
486240,2025-02-13,8705,25245
486240,2025-02-14,8675,25158
486240,2025-02-17,8700,35670
486240,2025-02-18,8845,36265
486240,2025-02-19,9010,36941
486240,2025-02-20,8850,36285
486240,2025-02-21,8840,36244
486240,2025-02-24,8630,35383
486240,2025-02-25,8595,35240
486240,2025-02-26,8575,35158
486240,2025-02-27,8415,34502
486240,2025-02-28,8075,33108
486240,2025-03-04,8045,32985
486240,2025-03-05,8175,33518
486240,2025-03-06,7975,32698
486240,2025-03-07,7905,32411
486240,2025-03-10,7885,32329
486240,2025-03-11,7805,24196
486240,2025-03-12,8060,24986
486240,2025-03-13,8030,24893
486240,2025-03-14,8180,25358
486240,2025-03-17,8375,25963
486240,2025-03-18,8330,25823
486240,2025-03-19,8360,25916
486240,2025-03-20,8420,26102
486240,2025-03-21,8495,26335
486240,2025-03-24,8425,25275
486240,2025-03-25,8285,24855
486240,2025-03-26,8395,25185
486240,2025-03-27,8140,24420
486240,2025-03-28,7950,23850
486240,2025-03-31,7700,23100
486240,2025-04-01,7875,23625
486240,2025-04-02,7780,23340
486240,2025-04-03,7680,23040
486240,2025-04-04,7535,22605
486240,2025-04-07,7065,21195
486240,2025-04-08,7040,21824
486240,2025-04-09,6895,22064
486240,2025-04-10,7437,23798
486240,2025-04-11,7390,23648
486240,2025-04-14,7455,23856
486240,2025-04-15,7555,24176
486240,2025-04-16,7310,23392